Headline,Link
Watch: Bangladesh protesters storm prime minister's palace,/news/videos/ckg22md49pzo
Sheikh Hasina: The pro-democracy icon who became an autocrat,/news/articles/cg3ee303yxpo
Can India help its special ally Bangladesh defuse the crisis?,/news/articles/c39kkkdjkzwo
How Bangladesh's protests ended  Sheikh Hasina's 15-year reign,/news/articles/c9033zpv0nvo
Euphoria in Bangladesh after PM Sheikh Hasina flees country,/news/articles/clywww69p2vo
US stocks tumble on fears over slower growth,/news/articles/c6p224j24x0o
Can India become rich before its population grows old?,/news/articles/c87r7kp55e3o
Strictly announces first blind contestant,/news/articles/c39kklz2nzxo
"Cash, condo and ramen for Philippine double gold gymnast",/news/articles/c99ww9pzgrvo
US stocks tumble on fears over slower growth,/news/articles/c6p224j24x0o
Wall Street and global markets tumble over fears of US recession,https://www.bbc.com/news/live/c5ykkryglp3t
Olympics 2024: GB aim for first cycling medal in women's team sprint plus GB women in hockey action,https://www.bbc.com/sport/olympics/live/cek94k2yvpkt
"Even after a year in jail, Imran Khan still dominates Pakistan's politics",/news/articles/cldydnyzd1ro
Can India become rich before its population grows old?,/news/articles/c87r7kp55e3o
RFK Jr admits dumping bear carcass in New York's Central Park,/news/articles/c2j3353vvdvo
Kamala Harris poised to announce her running mate,/news/articles/cx2nnvlyvvmo
US stocks tumble on fears over slower growth,/news/articles/c6p224j24x0o
Hurricane Debby makes landfall on Florida coast,/news/articles/cj4xxdknr94o
How Lyles' torso decided greatest Olympics 100m final,/sport/olympics/articles/clwyy8jwp2go
Top five stories from Paris Olympics day 10,/sport/olympics/articles/c8xlllwjd08o
Peaty questions China relay win amid doping row,/sport/olympics/articles/cxx226nlgrwo
Belgium out of triathlon relay as athlete falls ill,/sport/olympics/articles/cgerrl2w19ko
Boxing’s gender row - what's going on and is Russia involved?,/sport/olympics/articles/cnk4427vvd2o
Djokovic beats Alcaraz to win long-awaited Olympic gold,/sport/olympics/articles/cjk33v1n8n4o
Mystery surrounds US woman found starving and chained to tree in India,/news/articles/c4ngne7g5v3o
Can India become rich before its population grows old?,/news/articles/c87r7kp55e3o
North Korea performs diplomatic gymnastics in Olympic comeback,/news/articles/crgkk0rle75o
The Saudi wife who fled to Melbourne - then disappeared,/news/articles/cmj26102l2jo
Mystery surrounds US woman found starving and chained to tree in India,/news/articles/c4ngne7g5v3o
"Even after a year in jail, Imran Khan still dominates Pakistan's politics",/news/articles/cldydnyzd1ro
"World's biggest iceberg is spinning, caught in an ocean trap",/news/articles/cd168081wxvo
Can India become rich before its population grows old?,/news/articles/c87r7kp55e3o
'Fear kept me alive on epic motorbike trip across Africa',/news/articles/cz9xr4yr1wxo
Watch: Dawn spectacle as Mount Etna erupts,/news/videos/c0w441d515xo
BBC starts removing Huw Edwards from archives,/news/articles/c0w44nz6nneo
Miss England waging war on body stereotypes,/news/articles/czk0xp835p3o
'Fear kept me alive on epic motorbike trip across Africa',/news/articles/cz9xr4yr1wxo
Dressing the Dragon: 'The scale of it is huge',/news/articles/cv2g203jln1o
The woman who left Britain to parachute into Nazi-occupied Poland,/news/articles/cneej0r2n7go
Watch: Dawn spectacle as Mount Etna erupts,/news/videos/c0w441d515xo
Top five stories from Paris Olympics day 10,/sport/olympics/articles/c8xlllwjd08o
West Ham sign Dortmund striker Fullkrug for £27m,/sport/football/articles/c77llr5y035o
"'Great crowds, a stellar leaderboard and true sporting legacy'",/sport/olympics/articles/c75nnzw4241o
Gallagher agrees £33m Atletico Madrid move,/sport/football/articles/ce933924n73o
Top five stories from Paris Olympics day 10,/sport/olympics/articles/c8xlllwjd08o
Biles achieves 'more than wildest dreams' in Paris,/sport/olympics/articles/c80eelg3n9no
PSG sign Benfica midfielder Neves in £60m deal,/sport/football/articles/cy4yy8p128po
West Ham sign Dortmund striker Fullkrug for £27m,/sport/football/articles/c77llr5y035o
